Epitope,Binding
ADAGFIKQY,1
TLADAGFIK,1
LPPAYTNSF,1
KVFRSSVLH,1
VYYPDKVFR,1
YPDKVFRSS,1
TQDLFLPFF,1
FFSNVTWFH,1
FLPFFSNVT,1
LPFFSNVTW,1
PFFSNVTWF,1
SNVTWFHAI,1
RFDNPVLPF,1
GVYFASTEK,1
LPFNDGVYF,1
VLPFNDGVY,1
CNDPFLGVY,1
GVYYHKNNK,1
YYHKNNKSW,1
WMESEFRVY,1
EYVSQPFLM,1
FEYVSQPFL,1
TPINLVRDL,1
LEPLVDLPI,1
INITRFQTL,1
GAAAYYVGY,1
WTAGAAAYY,1
YLQPRTFLL,1
ALDPLSETK,1
TLKSFTVEK,1
QPTESIVRF,1
VRFPNITNL,1
GEVFNATRF,1
NATRFASVY,1
NSASFSTFK,1
SVLYNSASF,1
FTNVYADSF,1
VYADSFVIR,1
APGQTGKIA,1
GQTGKIADY,1
KIADYNYKL,1
RLFRKSNLK,1
FERDISTEI,1
NGVEGFNCY,1
YFPLQSYGF,1
PYRVVVLSF,1
TSNQVAVLY,1
TGSNVFQTR,1
VYSTGSNVF,1
GAEHVNNSY,1
IGAGICASY,1
RSVASQSII,1
SIIAYTMSL,1
SQSIIAYTM,1
VASQSIIAY,1
AENSVAYSN,1
LGAENSVAY,1
IPTNFTISV,1
NSIAIPTNF,1
GSFCTQLNR,1
LTDEMIAQY,1
IPFAMQMAY,1
LQIPFAMQM,1
SSTASALGK,1
ALNTLVKQL,1
AQALNTLVK,1
SVLNDILSR,1
VLNDILSRL,1
AEIRASANL,1
ASANLAATK,1
FPQSAPHGV,1
GVVFLHVTY,1
VVFLHVTYV,1
VTYVPAQEK,1
GTHWFVTQR,1
NLNESLIDL,1
FIAGLIAIV,1
MTSCCSCLK,1
QTNSPRRAR,1
SPRRARSVA,1
GRLQSLQTY,1
LITGRLQSL,1
RLQSLQTYV,1
HLMSFPQSA,1
RLNEVAKNL,1
QYIKWPWYI,1
YEQYIKWPW,1
RISNCVADY,1
NYLYRLFRK,1
NYNYLYRLF,1
FQPTNGVGY,1
NQKLIANQF,1
LLLQYGSFC,1
LLQYGSFCT,1
GTITSGWTF,1
RLDKVEAEV,1
LLALHRSYL,1
LLFNKVTLA,1
AEVQIDRLI,1
TLDSKTQSL,1
GPKKSTNLV,1
KEIDRLNEV,1
FVFKNIDGY,1
RVDFCGKGY,1
IITTDNTFV,1
AAAYYVGYL,0
AAEIRASAN,0
AALQIPFAM,0
AARDLICAQ,0
AATKMSECV,0
AAYYVGYLQ,0
ADQLTPTWR,0
ADSFVIRGD,0
ADTTDAVRD,0
ADYNYKLPD,0
ADYSVLYNS,0
AEHVNNSYE,0
AGAAAYYVG,0
AGAALQIPF,0
AGCLIGAEH,0
AGFIKQYGD,0
AGICASYQT,0
AGLIAIVMV,0
AGSTPCNGV,0
AGTITSGWT,0
AHFPREGVF,0
AICHDGKAH,0
AIGKIQDSL,0
AIHADQLTP,0
AIHVSGTNG,0
AIPTNFTIS,0
AISSVLNDI,0
AIVMVTIML,0
AKNLNESLI,0
ALEPLVDLP,0
ALGKLQDVV,0
ALHRSYLTP,0
ALLAGTITS,0
ALQIPFAMQ,0
ALTGIAVEQ,0
AMQMAYRFN,0
ANLAATKMS,0
ANNCTFEYV,0
ANQFNSAIG,0
APAICHDGK,0
APATVCGPK,0
APHGVVFLH,0
AQEKNFTTA,0
AQKFNGLTV,0
AQVKQIYKT,0
AQYTSALLA,0
ARDLICAQK,0
ARSVASQSI,0
ASALGKLQD,0
ASFSTFKCY,0
ASQSIIAYT,0
ASTEKSNII,0
ASVVNIQKE,0
ASVYAWNRK,0
ASYQTQTNS,0
ATKMSECVL,0
ATNVVIKVC,0
ATRFASVYA,0
ATVCGPKKS,0
AVDCALDPL,0
AVEQDKNTQ,0
AVLYQDVNC,0
AVRDPQTLE,0
AWNRKRISN,0
AWNSNNLDS,0
AYRFNGIGV,0
AYSNNSIAI,0
AYTMSLGAE,0
AYTNSFTRG,0
AYYVGYLQP,0
CALDPLSET,0
CAQKFNGLT,0
CASYQTQTN,0
CCKFDEDDS,0
CCMTSCCSC,0
CCSCGSCCK,0
CCSCLKGCC,0
CDIPIGAGI,0
CDVVIGIVN,0
CEFQFCNDP,0
CFTNVYADS,0
CGDSTECSN,0
CGKGYHLMS,0
CGPKKSTNL,0
CGSCCKFDE,0
CHDGKAHFP,0
CKFDEDDSE,0
CLGDIAARD,0
CLIGAEHVN,0
CLKGCCSCG,0
CMTSCCSCL,0
CNGVEGFNC,0
CPFGEVFNA,0
CSCGSCCKF,0
CSCLKGCCS,0
CSFGGVSVI,0
CSNLLLQYG,0
CTEVPVAIH,0
CTFEYVSQP,0
CTLKSFTVE,0
CTMYICGDS,0
CTQLNRALT,0
CVADYSVLY,0
CVIAWNSNN,0
CVLGQSKRV,0
CVNFNFNGL,0
CVNLTTRTQ,0
CYFPLQSYG,0
CYGVSPTKL,0
DAGFIKQYG,0
DAVDCALDP,0
DAVRDPQTL,0
DCALDPLSE,0
DCLGDIAAR,0
DCTMYICGD,0
DDFTGCVIA,0
DDSEPVLKG,0
DEDDSEPVL,0
DEMIAQYTS,0
DEVRQIAPG,0
DFCGKGYHL,0
DFGGFNFSQ,0
DFTGCVIAW,0
DGKAHFPRE,0
DGVYFASTE,0
DGYFKIYSK,0
DIAARDLIC,0
DIADTTDAV,0
DILSRLDKV,0
DIPIGAGIC,0
DISGINASV,0
DISTEIYQA,0
DITPCSFGG,0
DKNTQEVFA,0
DKVEAEVQI,0
DKVFRSSVL,0
DKYFKNHTS,0
DLCFTNVYA,0
DLEGKQGNF,0
DLFLPFFSN,0
DLGDISGIN,0
DLICAQKFN,0
DLLFNKVTL,0
DLPIGINIT,0
DLPQGFSAL,0
DLQELGKYE,0
DNPVLPFND,0
DNTFVSGNC,0
DPFLGVYYH,0
DPLQPELDS,0
DPLSETKCT,0
DPQTLEILD,0
DPSKPSKRS,0
DQLTPTWRV,0
DRLITGRLQ,0
DRLNEVAKN,0
DSEPVLKGV,0
DSFKEELDK,0
DSFVIRGDE,0
DSKTQSLLI,0
DSKVGGNYN,0
DSLSSTASA,0
DSSSGWTAG,0
DSTECSNLL,0
DTTDAVRDP,0
DVDLGDISG,0
DVNCTEVPV,0
DVVIGIVNN,0
DVVNQNAQA,0
DYNYKLPDD,0
DYSVLYNSA,0
EAEVQIDRL,0
ECDIPIGAG,0
ECSNLLLQY,0
ECVLGQSKR,0
EDDSEPVLK,0
EDLLFNKVT,0
EELDKYFKN,0
EFQFCNDPF,0
EFRVYSSAN,0
EFVFKNIDG,0
EGFNCYFPL,0
EGKQGNFKN,0
EGVFVSNGT,0
EHVNNSYEC,0
EIDRLNEVA,0
EILDITPCS,0
EILPVSMTK,0
EIRASANLA,0
EIYQAGSTP,0
EKGIYQTSN,0
EKNFTTAPA,0
EKSNIIRGW,0
ELDKYFKNH,0
ELDSFKEEL,0
ELGKYEQYI,0
ELLHAPATV,0
EMIAQYTSA,0
ENGTITDAV,0
ENQKLIANQ,0
ENSVAYSNN,0
EPLVDLPIG,0
EPQIITTDN,0
EPVLKGVKL,0
EQDKNTQEV,0
EQYIKWPWY,0
ERDISTEIY,0
ESEFRVYSS,0
ESIVRFPNI,0
ESLIDLQEL,0
ESNKKFLPF,0
ETKCTLKSF,0
EVAKNLNES,0
EVFAQVKQI,0
EVFNATRFA,0
EVPVAIHAD,0
EVQIDRLIT,0
EVRQIAPGQ,0
FAMQMAYRF,0
FAQVKQIYK,0
FASTEKSNI,0
FASVYAWNR,0
FCGKGYHLM,0
FCNDPFLGV,0
FCTQLNRAL,0
FDEDDSEPV,0
FDNPVLPFN,0
FELLHAPAT,0
FGAGAALQI,0
FGAISSVLN,0
FGEVFNATR,0
FGGFNFSQI,0
FGGVSVITP,0
FGRDIADTT,0
FGTTLDSKT,0
FHAIHVSGT,0
FIEDLLFNK,0
FIKQYGDCL,0
FKCYGVSPT,0
FKEELDKYF,0
FKIYSKHTP,0
FKNHTSPDV,0
FKNIDGYFK,0
FKNLREFVF,0
FLGVYYHKN,0
FLHVTYVPA,0
FLLKYNENG,0
FLMDLEGKQ,0
FLPFQQFGR,0
FLVLLPLVS,0
FNATRFASV,0
FNCYFPLQS,0
FNDGVYFAS,0
FNFNGLTGT,0
FNFSQILPD,0
FNGIGVTQN,0
FNGLTGTGV,0
FNGLTVLPP,0
FNKVTLADA,0
FNSAIGKIQ,0
FPLQSYGFQ,0
FPNITNLCP,0
FPREGVFVS,0
FQFCNDPFL,0
FQQFGRDIA,0
FQTLLALHR,0
FQTRAGCLI,0
FRKSNLKPF,0
FRSSVLHST,0
FRVQPTESI,0
FRVYSSANN,0
FSALEPLVD,0
FSNVTWFHA,0
FSQILPDPS,0
FSTFKCYGV,0
FTGCVIAWN,0
FTISVTTEI,0
FTRGVYYPD,0
FTTAPAICH,0
FTVEKGIYQ,0
FVFLVLLPL,0
FVIRGDEVR,0
FVSGNCDVV,0
FVSNGTHWF,0
FVTQRNFYE,0
FYEPQIITT,0
GAALQIPFA,0
GAENSVAYS,0
GAGAALQIP,0
GAGICASYQ,0
GAISSVLND,0
GCCSCGSCC,0
GCLIGAEHV,0
GCVIAWNSN,0
GDCLGDIAA,0
GDEVRQIAP,0
GDIAARDLI,0
GDISGINAS,0
GDSSSGWTA,0
GDSTECSNL,0
GFIAGLIAI,0
GFIKQYGDC,0
GFNCYFPLQ,0
GFNFSQILP,0
GFQPTNGVG,0
GFSALEPLV,0
GGFNFSQIL,0
GGNYNYLYR,0
GGVSVITPG,0
GIAVEQDKN,0
GICASYQTQ,0
GIGVTQNVL,0
GINASVVNI,0
GINITRFQT,0
GIVNNTVYD,0
GIYQTSNFR,0
GKAHFPREG,0
GKGYHLMSF,0
GKIADYNYK,0
GKIQDSLSS,0
GKLQDVVNQ,0
GKQGNFKNL,0
GKYEQYIKW,0
GLIAIVMVT,0
GLTGTGVLT,0
GLTVLPPLL,0
GNCDVVIGI,0
GNFKNLREF,0
GNYNYLYRL,0
GQSKRVDFC,0
GRDIADTTD,0
GSCCKFDED,0
GSNVFQTRA,0
GSTPCNGVE,0
GTGVLTESN,0
GTITDAVDC,0
GTKRFDNPV,0
GTNGTKRFD,0
GTNTSNQVA,0
GTTLDSKTQ,0
GVEGFNCYF,0
GVFVSNGTH,0
GVGYQPYRV,0
GVLTESNKK,0
GVSPTKLND,0
GVSVITPGT,0
GVTQNVLYE,0
GVYYPDKVF,0
GWIFGTTLD,0
GWTAGAAAY,0
GWTFGAGAA,0
GYFKIYSKH,0
GYHLMSFPQ,0
GYLQPRTFL,0
GYQPYRVVV,0
HADQLTPTW,0
HAIHVSGTN,0
HAPATVCGP,0
HDGKAHFPR,0
HFPREGVFV,0
HGVVFLHVT,0
HKNNKSWME,0
HRSYLTPGD,0
HSTQDLFLP,0
HTPINLVRD,0
HTSPDVDLG,0
HVNNSYECD,0
HVSGTNGTK,0
HVTYVPAQE,0
HWFVTQRNF,0
IAARDLICA,0
IADTTDAVR,0
IADYNYKLP,0
IAGLIAIVM,0
IAIPTNFTI,0
IAIVMVTIM,0
IANQFNSAI,0
IAPGQTGKI,0
IAQYTSALL,0
IAVEQDKNT,0
IAWNSNNLD,0
IAYTMSLGA,0
ICAQKFNGL,0
ICASYQTQT,0
ICGDSTECS,0
ICHDGKAHF,0
IDGYFKIYS,0
IDLQELGKY,0
IDRLITGRL,0
IDRLNEVAK,0
IEDLLFNKV,0
IFGTTLDSK,0
IGAEHVNNS,0
IGINITRFQ,0
IGIVNNTVY,0
IGKIQDSLS,0
IGVTQNVLY,0
IHADQLTPT,0
IHVSGTNGT,0
IIAYTMSLG,0
IIRGWIFGT,0
IKDFGGFNF,0
IKQYGDCLG,0
IKVCEFQFC,0
IKWPWYIWL,0
ILDITPCSF,0
ILPDPSKPS,0
ILPVSMTKT,0
ILSRLDKVE,0
IMLCCMTSC,0
INASVVNIQ,0
INLVRDLPQ,0
IPIGAGICA,0
IQDSLSSTA,0
IQKEIDRLN,0
IRAAEIRAS,0
IRASANLAA,0
IRGDEVRQI,0
IRGWIFGTT,0
ISGINASVV,0
ISNCVADYS,0
ISSVLNDIL,0
ISTEIYQAG,0
ISVTTEILP,0
ITDAVDCAL,0
ITGRLQSLQ,0
ITNLCPFGE,0
ITPCSFGGV,0
ITPGTNTSN,0
ITRFQTLLA,0
ITSGWTFGA,0
ITTDNTFVS,0
IVMVTIMLC,0
IVNNATNVV,0
IVNNTVYDP,0
IVRFPNITN,0
IWLGFIAGL,0
IYKTPPIKD,0
IYQAGSTPC,0
IYQTSNFRV,0
IYSKHTPIN,0
KAHFPREGV,0
KCTLKSFTV,0
KCVNFNFNG,0
KCYGVSPTK,0
KDFGGFNFS,0
KEELDKYFK,0
KFDEDDSEP,0
KFLPFQQFG,0
KFNGLTVLP,0
KGCCSCGSC,0
KGIYQTSNF,0
KGYHLMSFP,0
KHTPINLVR,0
KIQDSLSST,0
KIYSKHTPI,0
KKFLPFQQF,0
KKSTNLVKN,0
KLIANQFNS,0
KLNDLCFTN,0
KLPDDFTGC,0
KLQDVVNQN,0
KMSECVLGQ,0
KNFTTAPAI,0
KNHTSPDVD,0
KNIDGYFKI,0
KNKCVNFNF,0
KNLNESLID,0
KNLREFVFK,0
KNNKSWMES,0
KNTQEVFAQ,0
KPFERDIST,0
KPSKRSFIE,0
KQGNFKNLR,0
KQIYKTPPI,0
KQLSSNFGA,0
KQYGDCLGD,0
KRFDNPVLP,0
KRISNCVAD,0
KRSFIEDLL,0
KRVDFCGKG,0
KSFTVEKGI,0
KSNIIRGWI,0
KSNLKPFER,0
KSTNLVKNK,0
KSWMESEFR,0
KTPPIKDFG,0
KTQSLLIVN,0
KTSVDCTMY,0
KVCEFQFCN,0
KVEAEVQID,0
KVGGNYNYL,0
KVTLADAGF,0
KWPWYIWLG,0
KYEQYIKWP,0
KYFKNHTSP,0
KYNENGTIT,0
LAATKMSEC,0
LADAGFIKQ,0
LAGTITSGW,0
LALHRSYLT,0
LCCMTSCCS,0
LCFTNVYAD,0
LCPFGEVFN,0
LDITPCSFG,0
LDKVEAEVQ,0
LDKYFKNHT,0
LDPLSETKC,0
LDSFKEELD,0
LDSKTQSLL,0
LDSKVGGNY,0
LEGKQGNFK,0
LEILDITPC,0
LFLPFFSNV,0
LFNKVTLAD,0
LFRKSNLKP,0
LGDIAARDL,0
LGDISGINA,0
LGFIAGLIA,0
LGKLQDVVN,0
LGKYEQYIK,0
LGQSKRVDF,0
LGVYYHKNN,0
LHAPATVCG,0
LHRSYLTPG,0
LHSTQDLFL,0
LHVTYVPAQ,0
LIAIVMVTI,0
LIANQFNSA,0
LICAQKFNG,0
LIDLQELGK,0
LIGAEHVNN,0
LIRAAEIRA,0
LIVNNATNV,0
LKGCCSCGS,0
LKGVKLHYT,0
LKPFERDIS,0
LKSFTVEKG,0
LKYNENGTI,0
LLAGTITSG,0
LLHAPATVC,0
LLIVNNATN,0
LLKYNENGT,0
LLPLVSSQC,0
LLTDEMIAQ,0
LMDLEGKQG,0
LMSFPQSAP,0
LNDILSRLD,0
LNDLCFTNV,0
LNESLIDLQ,0
LNEVAKNLN,0
LNRALTGIA,0
LNTLVKQLS,0
LPDDFTGCV,0
LPDPSKPSK,0
LPFQQFGRD,0
LPIGINITR,0
LPLVSSQCV,0
LPPLLTDEM,0
LPQGFSALE,0
LPVSMTKTS,0
LQDVVNQNA,0
LQELGKYEQ,0
LQPELDSFK,0
LQPRTFLLK,0
LQSLQTYVT,0
LQSYGFQPT,0
LQTYVTQQL,0
LQYGSFCTQ,0
LREFVFKNI,0
LSETKCTLK,0
LSFELLHAP,0
LSRLDKVEA,0
LSSNFGAIS,0
LSSTASALG,0
LTESNKKFL,0
LTGIAVEQD,0
LTGTGVLTE,0
LTPGDSSSG,0
LTPTWRVYS,0
LTTRTQLPP,0
LTVLPPLLT,0
LVDLPIGIN,0
LVKNKCVNF,0
LVKQLSSNF,0
LVLLPLVSS,0
LVRDLPQGF,0
LVSSQCVNL,0
LYENQKLIA,0
LYNSASFST,0
LYQDVNCTE,0
LYRLFRKSN,0
MAYRFNGIG,0
MDLEGKQGN,0
MESEFRVYS,0
MFVFLVLLP,0
MIAQYTSAL,0
MLCCMTSCC,0
MQMAYRFNG,0
MSECVLGQS,0
MSFPQSAPH,0
MSLGAENSV,0
MTKTSVDCT,0
MVTIMLCCM,0
MYICGDSTE,0
NAQALNTLV,0
NASVVNIQK,0
NATNVVIKV,0
NCDVVIGIV,0
NCTEVPVAI,0
NCTFEYVSQ,0
NCVADYSVL,0
NCYFPLQSY,0
NDGVYFAST,0
NDILSRLDK,0
NDLCFTNVY,0
NDPFLGVYY,0
NENGTITDA,0
NESLIDLQE,0
NEVAKNLNE,0
NFGAISSVL,0
NFKNLREFV,0
NFNFNGLTG,0
NFNGLTGTG,0
NFRVQPTES,0
NFSQILPDP,0
NFTISVTTE,0
NFTTAPAIC,0
NFYEPQIIT,0
NGIGVTQNV,0
NGLTGTGVL,0
NGLTVLPPL,0
NGTHWFVTQ,0
NGTITDAVD,0
NGTKRFDNP,0
NGVGYQPYR,0
NHTSPDVDL,0
NIDGYFKIY,0
NIIRGWIFG,0
NIQKEIDRL,0
NITNLCPFG,0
NITRFQTLL,0
NKCVNFNFN,0
NKKFLPFQQ,0
NKSWMESEF,0
NKVTLADAG,0
NLAATKMSE,0
NLCPFGEVF,0
NLDSKVGGN,0
NLKPFERDI,0
NLLLQYGSF,0
NLREFVFKN,0
NLTTRTQLP,0
NLVKNKCVN,0
NLVRDLPQG,0
NNATNVVIK,0
NNCTFEYVS,0
NNKSWMESE,0
NNLDSKVGG,0
NNSIAIPTN,0
NNSYECDIP,0
NNTVYDPLQ,0
NPVLPFNDG,0
NQFNSAIGK,0
NQNAQALNT,0
NQVAVLYQD,0
NRALTGIAV,0
NRKRISNCV,0
NSAIGKIQD,0
NSFTRGVYY,0
NSNNLDSKV,0
NSPRRARSV,0
NSVAYSNNS,0
NSYECDIPI,0
NTFVSGNCD,0
NTLVKQLSS,0
NTQEVFAQV,0
NTSNQVAVL,0
NTVYDPLQP,0
NVFQTRAGC,0
NVLYENQKL,0
NVTWFHAIH,0
NVVIKVCEF,0
NVYADSFVI,0
NYKLPDDFT,0
PAICHDGKA,0
PAQEKNFTT,0
PATVCGPKK,0
PAYTNSFTR,0
PCNGVEGFN,0
PCSFGGVSV,0
PDDFTGCVI,0
PDKVFRSSV,0
PDPSKPSKR,0
PDVDLGDIS,0
PELDSFKEE,0
PFAMQMAYR,0
PFERDISTE,0
PFGEVFNAT,0
PFLGVYYHK,0
PFLMDLEGK,0
PFNDGVYFA,0
PFQQFGRDI,0
PGDSSSGWT,0
PGQTGKIAD,0
PGTNTSNQV,0
PHGVVFLHV,0
PIGAGICAS,0
PIGINITRF,0
PIKDFGGFN,0
PINLVRDLP,0
PKKSTNLVK,0
PLLTDEMIA,0
PLQPELDSF,0
PLQSYGFQP,0
PLSETKCTL,0
PLVDLPIGI,0
PLVSSQCVN,0
PNITNLCPF,0
PPAYTNSFT,0
PPIKDFGGF,0
PPLLTDEMI,0
PQGFSALEP,0
PQIITTDNT,0
PQSAPHGVV,0
PQTLEILDI,0
PREGVFVSN,0
PRRARSVAS,0
PRTFLLKYN,0
PSKPSKRSF,0
PSKRSFIED,0
PTESIVRFP,0
PTKLNDLCF,0
PTNFTISVT,0
PTNGVGYQP,0
PTWRVYSTG,0
PVAIHADQL,0
PVLKGVKLH,0
PVLPFNDGV,0
PVSMTKTSV,0
PWYIWLGFI,0
QAGSTPCNG,0
QALNTLVKQ,0
QCVNLTTRT,0
QDKNTQEVF,0
QDLFLPFFS,0
QDSLSSTAS,0
QDVNCTEVP,0
QDVVNQNAQ,0
QEKNFTTAP,0
QELGKYEQY,0
QEVFAQVKQ,0
QFCNDPFLG,0
QFGRDIADT,0
QFNSAIGKI,0
QGFSALEPL,0
QGNFKNLRE,0
QIAPGQTGK,0
QIDRLITGR,0
QIITTDNTF,0
QILPDPSKP,0
QIPFAMQMA,0
QIYKTPPIK,0
QKEIDRLNE,0
QKFNGLTVL,0
QKLIANQFN,0
QLIRAAEIR,0
QLNRALTGI,0
QLPPAYTNS,0
QLSSNFGAI,0
QLTPTWRVY,0
QMAYRFNGI,0
QNAQALNTL,0
QNVLYENQK,0
QPELDSFKE,0
QPFLMDLEG,0
QPRTFLLKY,0
QPTNGVGYQ,0
QPYRVVVLS,0
QQFGRDIAD,0
QQLIRAAEI,0
QRNFYEPQI,0
QSAPHGVVF,0
QSIIAYTMS,0
QSKRVDFCG,0
QSLLIVNNA,0
QSLQTYVTQ,0
QSYGFQPTN,0
QTGKIADYN,0
QTLEILDIT,0
QTLLALHRS,0
QTQTNSPRR,0
QTRAGCLIG,0
QTSNFRVQP,0
QTYVTQQLI,0
QVAVLYQDV,0
QVKQIYKTP,0
QYGDCLGDI,0
QYGSFCTQL,0
QYTSALLAG,0
RAAEIRASA,0
RAGCLIGAE,0
RALTGIAVE,0
RARSVASQS,0
RASANLAAT,0
RDIADTTDA,0
RDISTEIYQ,0
RDLICAQKF,0
RDLPQGFSA,0
RDPQTLEIL,0
REFVFKNID,0
REGVFVSNG,0
RFASVYAWN,0
RFNGIGVTQ,0
RFPNITNLC,0
RFQTLLALH,0
RGDEVRQIA,0
RGVYYPDKV,0
RGWIFGTTL,0
RKRISNCVA,0
RKSNLKPFE,0
RLITGRLQS,0
RNFYEPQII,0
RQIAPGQTG,0
RRARSVASQ,0
RSFIEDLLF,0
RSSVLHSTQ,0
RSYLTPGDS,0
RTFLLKYNE,0
RTQLPPAYT,0
RVQPTESIV,0
RVVVLSFEL,0
RVYSSANNC,0
RVYSTGSNV,0
SAIGKIQDS,0
SALEPLVDL,0
SALGKLQDV,0
SALLAGTIT,0
SANLAATKM,0
SANNCTFEY,0
SAPHGVVFL,0
SASFSTFKC,0
SCCKFDEDD,0
SCCSCLKGC,0
SCGSCCKFD,0
SCLKGCCSC,0
SECVLGQSK,0
SEFRVYSSA,0
SEPVLKGVK,0
SETKCTLKS,0
SFCTQLNRA,0
SFELLHAPA,0
SFGGVSVIT,0
SFIEDLLFN,0
SFKEELDKY,0
SFPQSAPHG,0
SFSTFKCYG,0
SFTRGVYYP,0
SFTVEKGIY,0
SFVIRGDEV,0
SGINASVVN,0
SGNCDVVIG,0
SGTNGTKRF,0
SGWTAGAAA,0
SGWTFGAGA,0
SIAIPTNFT,0
SIVRFPNIT,0
SKHTPINLV,0
SKPSKRSFI,0
SKRSFIEDL,0
SKRVDFCGK,0
SKTQSLLIV,0
SKVGGNYNY,0
SLGAENSVA,0
SLIDLQELG,0
SLLIVNNAT,0
SLQTYVTQQ,0
SLSSTASAL,0
SMTKTSVDC,0
SNCVADYSV,0
SNFGAISSV,0
SNFRVQPTE,0
SNGTHWFVT,0
SNIIRGWIF,0
SNKKFLPFQ,0
SNLKPFERD,0
SNLLLQYGS,0
SNNLDSKVG,0
SNNSIAIPT,0
SNQVAVLYQ,0
SNVFQTRAG,0
SPDVDLGDI,0
SPTKLNDLC,0
SQCVNLTTR,0
SQILPDPSK,0
SQPFLMDLE,0
SRLDKVEAE,0
SSANNCTFE,0
SSGWTAGAA,0
SSNFGAISS,0
SSQCVNLTT,0
SSSGWTAGA,0
SSVLHSTQD,0
SSVLNDILS,0
STASALGKL,0
STECSNLLL,0
STEIYQAGS,0
STEKSNIIR,0
STFKCYGVS,0
STGSNVFQT,0
STNLVKNKC,0
STPCNGVEG,0
STQDLFLPF,0
SVASQSIIA,0
SVAYSNNSI,0
SVDCTMYIC,0
SVITPGTNT,0
SVLHSTQDL,0
SVTTEILPV,0
SVVNIQKEI,0
SVYAWNRKR,0
SWMESEFRV,0
SYECDIPIG,0
SYGFQPTNG,0
SYLTPGDSS,0
SYQTQTNSP,0
TAGAAAYYV,0
TAPAICHDG,0
TASALGKLQ,0
TDAVDCALD,0
TDAVRDPQT,0
TDEMIAQYT,0
TDNTFVSGN,0
TECSNLLLQ,0
TEILPVSMT,0
TEIYQAGST,0
TEKSNIIRG,0
TESIVRFPN,0
TESNKKFLP,0
TEVPVAIHA,0
TFEYVSQPF,0
TFGAGAALQ,0
TFKCYGVSP,0
TFLLKYNEN,0
TFVSGNCDV,0
TGCVIAWNS,0
TGIAVEQDK,0
TGKIADYNY,0
TGRLQSLQT,0
TGTGVLTES,0
TGVLTESNK,0
THWFVTQRN,0
TIMLCCMTS,0
TISVTTEIL,0
TITDAVDCA,0
TITSGWTFG,0
TKCTLKSFT,0
TKLNDLCFT,0
TKMSECVLG,0
TKRFDNPVL,0
TKTSVDCTM,0
TLEILDITP,0
TLLALHRSY,0
TLVKQLSSN,0
TMSLGAENS,0
TMYICGDST,0
TNFTISVTT,0
TNGTKRFDN,0
TNGVGYQPY,0
TNLCPFGEV,0
TNLVKNKCV,0
TNSFTRGVY,0
TNSPRRARS,0
TNTSNQVAV,0
TNVVIKVCE,0
TNVYADSFV,0
TPCNGVEGF,0
TPCSFGGVS,0
TPGDSSSGW,0
TPGTNTSNQ,0
TPPIKDFGG,0
TPTWRVYST,0
TQEVFAQVK,0
TQLNRALTG,0
TQLPPAYTN,0
TQNVLYENQ,0
TQQLIRAAE,0
TQRNFYEPQ,0
TQSLLIVNN,0
TQTNSPRRA,0
TRAGCLIGA,0
TRFASVYAW,0
TRFQTLLAL,0
TRGVYYPDK,0
TRTQLPPAY,0
TSALLAGTI,0
TSCCSCLKG,0
TSGWTFGAG,0
TSNFRVQPT,0
TSPDVDLGD,0
TSVDCTMYI,0
TTAPAICHD,0
TTDAVRDPQ,0
TTDNTFVSG,0
TTEILPVSM,0
TTLDSKTQS,0
TTRTQLPPA,0
TVCGPKKST,0
TVEKGIYQT,0
TVLPPLLTD,0
TVYDPLQPE,0
TWFHAIHVS,0
TWRVYSTGS,0
TYVPAQEKN,0
TYVTQQLIR,0
VADYSVLYN,0
VAIHADQLT,0
VAKNLNESL,0
VAVLYQDVN,0
VAYSNNSIA,0
VCEFQFCND,0
VCGPKKSTN,0
VDCALDPLS,0
VDCTMYICG,0
VDFCGKGYH,0
VDLGDISGI,0
VDLPIGINI,0
VEAEVQIDR,0
VEGFNCYFP,0
VEKGIYQTS,0
VEQDKNTQE,0
VFAQVKQIY,0
VFKNIDGYF,0
VFLHVTYVP,0
VFLVLLPLV,0
VFNATRFAS,0
VFQTRAGCL,0
VFRSSVLHS,0
VFVSNGTHW,0
VGGNYNYLY,0
VGYLQPRTF,0
VGYQPYRVV,0
VIAWNSNNL,0
VIGIVNNTV,0
VIKVCEFQF,0
VIRGDEVRQ,0
VITPGTNTS,0
VKNKCVNFN,0
VKQIYKTPP,0
VKQLSSNFG,0
VLGQSKRVD,0
VLHSTQDLF,0
VLKGVKLHY,0
VLLPLVSSQ,0
VLPPLLTDE,0
VLSFELLHA,0
VLTESNKKF,0
VLYENQKLI,0
VLYNSASFS,0
VLYQDVNCT,0
VMVTIMLCC,0
VNCTEVPVA,0
VNFNFNGLT,0
VNIQKEIDR,0
VNLTTRTQL,0
VNNATNVVI,0
VNNSYECDI,0
VNNTVYDPL,0
VNQNAQALN,0
VPAQEKNFT,0
VPVAIHADQ,0
VQIDRLITG,0
VQPTESIVR,0
VRDLPQGFS,0
VRDPQTLEI,0
VRQIAPGQT,0
VSGNCDVVI,0
VSGTNGTKR,0
VSMTKTSVD,0
VSNGTHWFV,0
VSPTKLNDL,0
VSQPFLMDL,0
VSSQCVNLT,0
VSVITPGTN,0
VTIMLCCMT,0
VTLADAGFI,0
VTQNVLYEN,0
VTQQLIRAA,0
VTQRNFYEP,0
VTTEILPVS,0
VTWFHAIHV,0
VVIGIVNNT,0
VVIKVCEFQ,0
VVLSFELLH,0
VVNIQKEID,0
VVNQNAQAL,0
VVVLSFELL,0
VYAWNRKRI,0
VYDPLQPEL,0
VYFASTEKS,0
VYSSANNCT,0
VYYHKNNKS,0
WFHAIHVSG,0
WFVTQRNFY,0
WIFGTTLDS,0
WLGFIAGLI,0
WNRKRISNC,0
WNSNNLDSK,0
WPWYIWLGF,0
WRVYSTGSN,0
WTFGAGAAL,0
WYIWLGFIA,0
YADSFVIRG,0
YAWNRKRIS,0
YDPLQPELD,0
YECDIPIGA,0
YENQKLIAN,0
YEPQIITTD,0
YFASTEKSN,0
YFKIYSKHT,0
YFKNHTSPD,0
YGDCLGDIA,0
YGFQPTNGV,0
YGSFCTQLN,0
YGVSPTKLN,0
YHKNNKSWM,0
YHLMSFPQS,0
YICGDSTEC,0
YIKWPWYIW,0
YIWLGFIAG,0
YKLPDDFTG,0
YKTPPIKDF,0
YLTPGDSSS,0
YLYRLFRKS,0
YNENGTITD,0
YNSASFSTF,0
YNYKLPDDF,0
YNYLYRLFR,0
YQAGSTPCN,0
YQDVNCTEV,0
YQPYRVVVL,0
YQTQTNSPR,0
YQTSNFRVQ,0
YRFNGIGVT,0
YRLFRKSNL,0
YRVVVLSFE,0
YSKHTPINL,0
YSNNSIAIP,0
YSSANNCTF,0
YSTGSNVFQ,0
YSVLYNSAS,0
YTMSLGAEN,0
YTNSFTRGV,0
YTSALLAGT,0
YVGYLQPRT,0
YVPAQEKNF,0
YVSQPFLMD,0
YVTQQLIRA,0
YYPDKVFRS,0
YYVGYLQPR,0
